id,teacher_id,first_name,email,gender,last_name
2,2,Glynn,gbane0@slate.com,Male,Bane
3,3,Ermanno,ecarvell1@nih.gov,Female,Carvell
4,4,Conan,cplain2@naver.com,Female,Plain
5,5,Mata,mshout3@princeton.edu,Female,Shout
6,6,Joseph,jcallow4@infoseek.co.jp,Male,Callow
7,7,Olin,oeilhart5@t-online.de,Female,Eilhart
8,8,Ermanno,estubbings6@etsy.com,Male,Stubbings
9,9,Bendick,bcuncarr7@mac.com,Male,Cuncarr
10,10,Ferdinand,fcourtois8@goodreads.com,Male,Courtois
11,11,Sly,stunnick9@amazon.co.uk,Female,Tunnick
12,12,Erhart,eridehalgha@shareasale.com,Male,Ridehalgh
13,13,Brigham,bbickerstasseb@cdbaby.com,Male,Bickerstasse
14,14,Loren,lseymourc@blog.com,Male,Seymour
15,15,Ellsworth,efreschinid@huffingtonpost.com,Male,Freschini
16,16,Brody,bbachere@indiatimes.com,Male,Bacher
17,17,Lewes,lmeiklef@moonfruit.com,Female,Meikle
18,18,Alasdair,aclellandg@topsy.com,Female,Clelland
19,19,Cortie,clarosah@opensource.org,Male,La Rosa
20,20,Sebastien,sbottomorei@bigcartel.com,Female,Bottomore
21,21,Adam,ablenkinj@elegantthemes.com,Male,Blenkin
22,22,Denis,dwillettk@yahoo.com,Female,Willett
23,23,Claudio,cpalombal@opensource.org,Female,Palomba
24,24,Allin,aivanovicm@hibu.com,Female,Ivanovic
25,25,Romeo,rdewberryn@answers.com,Female,Dewberry
26,26,Bart,bclifto@jalbum.net,Female,Clift
27,27,Bertrando,bmeop@github.com,Male,Meo
28,28,Alix,amccraineq@elpais.com,Female,McCraine
29,29,Even,estempr@unc.edu,Male,Stemp
30,30,Kennith,kmackiesons@sun.com,Male,Mackieson
31,31,Paddy,pdregant@thetimes.co.uk,Male,Dregan
32,32,Artur,afarreilu@google.com,Female,Farreil
33,33,Cassie,ctamasv@smugmug.com,Female,Tamas
34,34,Rodney,rreddw@ow.ly,Female,Redd
35,35,Booth,bmccowenx@huffingtonpost.com,Male,McCowen
36,36,Gregor,gcagany@bbb.org,Female,Cagan
37,37,Maxim,mfayerz@mac.com,Male,Fayer
38,38,Weider,wtruluck10@howstuffworks.com,Male,Truluck
39,39,Samuele,sasbrey11@utexas.edu,Male,Asbrey
40,40,Geoff,gdrover12@shareasale.com,Male,Drover
41,41,Johann,jadamsson13@huffingtonpost.com,Female,Adamsson
42,42,Cornall,cspaunton14@blog.com,Male,Spaunton
43,43,Gabbie,glowater15@reverbnation.com,Male,Lowater
44,44,Alaric,agrew16@t.co,Male,Grew
45,45,Dame,dqualtrough17@nydailynews.com,Female,Qualtrough
46,46,Kenneth,kwilshaw18@ftc.gov,Female,Wilshaw
47,47,Meredith,mrodinger19@infoseek.co.jp,Male,Rodinger
48,48,Les,lgulliver1a@fotki.com,Female,Gulliver
49,49,Nicol,nmcnutt1b@vinaora.com,Male,McNutt
50,50,Gottfried,gbonafacino1c@weather.com,Female,Bonafacino
51,51,Chuck,ctow1d@sciencedaily.com,Male,Tow
52,52,Mozes,mlouca1e@cocolog-nifty.com,Female,Louca
53,53,Larry,lgrisewood1f@pcworld.com,Male,Grisewood
54,54,Timmie,tsummersett1g@auda.org.au,Female,Summersett
55,55,Lancelot,lpillman1h@sciencedaily.com,Male,Pillman
56,56,Deck,dmarshall1i@sciencedaily.com,Female,Marshall
57,57,Morgan,mtarpey1j@google.com.hk,Male,Tarpey
58,58,Selby,smcguirk1k@accuweather.com,Male,McGuirk
59,59,Darryl,dmaskell1l@mashable.com,Male,Maskell
60,60,Rudolf,rfoister1m@ft.com,Female,Foister
61,61,Rutger,rbrennand1n@4shared.com,Female,Brennand
62,62,Beauregard,bmarkwell1o@tamu.edu,Female,Markwell
63,63,Torr,tantoniutti1p@businesswire.com,Female,Antoniutti
64,64,Waylin,wlingley1q@mayoclinic.com,Female,Lingley
65,65,Sawyere,sbittany1r@fema.gov,Female,Bittany
66,66,Franchot,fshoveller1s@nature.com,Female,Shoveller
67,67,Ransell,rpyzer1t@dailymotion.com,Male,Pyzer
68,68,Kale,ktorra1u@google.nl,Female,Torra
69,69,Mylo,mkillock1v@smugmug.com,Female,Killock
70,70,Cornelius,chindmoor1w@spiegel.de,Female,Hindmoor
71,71,Clyde,cmostin1x@yolasite.com,Female,Mostin
72,72,Sayre,sjerromes1y@technorati.com,Male,Jerromes
73,73,Florian,ftoffoletto1z@meetup.com,Male,Toffoletto
74,74,Boris,brickasse20@google.com,Female,Rickasse
75,75,Derry,dyarrington21@uiuc.edu,Female,Yarrington
76,76,Rube,rshergold22@ebay.com,Female,Shergold
77,77,Willard,whaws23@theatlantic.com,Female,Haws
78,78,Pavel,pzapater24@desdev.cn,Male,Zapater
79,79,Conroy,crockliffe25@google.pl,Male,Rockliffe
80,80,Alic,achezelle26@addthis.com,Male,Chezelle
81,81,Corny,cwaghorne27@sakura.ne.jp,Male,Waghorne
82,82,Nikolaos,nnavaro28@goodreads.com,Male,Navaro
83,83,Brendin,bwardall29@blinklist.com,Female,Wardall
84,84,Farley,fshelvey2a@redcross.org,Female,Shelvey
85,85,Nathan,nmccaw2b@meetup.com,Female,McCaw
86,86,Horten,hfennick2c@twitpic.com,Male,Fennick
87,87,Sholom,sgooch2d@w3.org,Female,Gooch
88,88,Reginald,rscotney2e@issuu.com,Male,Scotney
89,89,Thaddus,tmelonby2f@shinystat.com,Male,Melonby
90,90,Packston,pwetter2g@quantcast.com,Male,Wetter
91,91,Hamid,hedgley2h@rakuten.co.jp,Male,Edgley
92,92,Guntar,gjosifovic2i@rambler.ru,Female,Josifovic
93,93,Brocky,bspanswick2j@nasa.gov,Female,Spanswick
94,94,Alasdair,ahayth2k@abc.net.au,Male,Hayth
95,95,Abie,ahorbath2l@amazon.de,Male,Horbath
96,96,Chrisy,cruppeli2m@nydailynews.com,Male,Ruppeli
97,97,Delbert,demburey2n@homestead.com,Female,Emburey
98,98,Gael,gneeve2o@umich.edu,Male,Neeve
99,99,Thorpe,trottcher2p@flickr.com,Female,Rottcher
100,100,Pattie,pcampe2q@latimes.com,Male,Campe
101,101,Charlie,cannandale2r@nbcnews.com,Male,Annandale
102,102,Tracie,tsporgeon2s@boston.com,Male,Sporgeon
103,103,Lazaro,ltwelves2t@lycos.com,Female,Twelves
104,104,Rey,rbastistini2u@163.com,Male,Bastistini
105,105,Laney,lrupert2v@census.gov,Female,Rupert
106,106,Buiron,bpinwill2w@hao123.com,Male,Pinwill
107,107,Alwyn,achevis2x@nbcnews.com,Female,Chevis
108,108,Redd,rbrayson2y@phpbb.com,Female,Brayson
109,109,Josh,jsisse2z@wisc.edu,Female,Sisse
110,110,Murray,mrathe30@geocities.jp,Female,Rathe
111,111,Esra,edungey31@spiegel.de,Male,Dungey
112,112,Keary,kwellbank32@sciencedirect.com,Female,Wellbank
113,113,Desi,dklimecki33@reverbnation.com,Male,Klimecki
114,114,Brockie,bgluyas34@com.com,Male,Gluyas
115,115,Vladamir,vcunah35@exblog.jp,Female,Cunah
116,116,Ugo,uwayte36@fema.gov,Male,Wayte
117,117,Benn,bpogg37@taobao.com,Male,Pogg
118,118,Andy,acrossfield38@twitter.com,Female,Crossfield
119,119,Abbie,apabelik39@digg.com,Female,Pabelik
120,120,Trefor,tchristaeas3a@vkontakte.ru,Male,Christaeas
121,121,Piggy,phenstridge3b@list-manage.com,Male,Henstridge
122,122,Ruddy,rdarke3c@hp.com,Female,Darke
123,123,Laurens,lrichardes3d@sourceforge.net,Male,Richardes
124,124,Jessey,jshelper3e@livejournal.com,Female,Shelper
125,125,Chance,cmcgrouther3f@aboutads.info,Female,McGrouther
126,126,Bordie,bcordeau3g@1und1.de,Female,Cordeau]
127,127,Alasteir,acastellino3h@europa.eu,Female,Castellino
128,128,Ginger,gcorcoran3i@scribd.com,Female,Corcoran
129,129,Peder,pthornthwaite3j@craigslist.org,Female,Thornthwaite
130,130,Paulo,phissett3k@networksolutions.com,Male,Hissett
131,131,Pincas,pruncieman3l@army.mil,Male,Runcieman
132,132,Drew,dberinger3m@deviantart.com,Male,Beringer
133,133,Zach,zcroson3n@mail.ru,Female,Croson
134,134,Monty,mjaqueminet3o@com.com,Female,Jaqueminet
135,135,Quinton,qcardiff3p@usa.gov,Female,Cardiff
136,136,Maddy,mlidell3q@so-net.ne.jp,Female,Lidell
137,137,Ignacio,ihuckerbe3r@bluehost.com,Male,Huckerbe
138,138,Alwyn,arosel3s@wikimedia.org,Female,Rosel
139,139,Noah,ncruddas3t@whitehouse.gov,Female,Cruddas
140,140,Ase,aovery3u@answers.com,Female,Overy
141,141,Abner,ahirsch3v@wiley.com,Male,Hirsch
142,142,Pasquale,pgavey3w@nba.com,Male,Gavey
143,143,Forester,fscarce3x@domainmarket.com,Male,Scarce
144,144,Beck,bwarkup3y@squarespace.com,Male,Warkup
145,145,Wright,wbilling3z@amazon.co.jp,Female,Billing
146,146,Gino,gworsam40@time.com,Male,Worsam
147,147,Pancho,pmahaddy41@fc2.com,Female,Mahaddy
148,148,Donny,dshottin42@reuters.com,Male,Shottin
149,149,Paco,pdorber43@reddit.com,Female,Dorber
150,150,Park,pmacro44@patch.com,Female,Macro
151,151,Vincenz,vgook45@goo.gl,Female,Gook
152,152,Andy,aclose46@spotify.com,Male,Close
153,153,Rodrique,rtretter47@who.int,Male,Tretter
154,154,Mata,mmunkley48@spiegel.de,Male,Munkley
155,155,Norton,nlots49@miibeian.gov.cn,Male,Lots
156,156,Hillery,hkirman4a@technorati.com,Male,Kirman
157,157,Shanan,sochterlony4b@sciencedaily.com,Male,Ochterlony
158,158,Seth,swithull4c@google.com.br,Male,Withull
159,159,Arron,aupton4d@xinhuanet.com,Female,Upton
160,160,Shepperd,stoomer4e@umich.edu,Male,Toomer
161,161,Brennan,bsiman4f@cbc.ca,Female,Siman
162,162,Mick,mhyslop4g@dailymotion.com,Male,Hyslop
163,163,Luis,lpothecary4h@techcrunch.com,Female,Pothecary
164,164,Brnaba,bfrankish4i@google.com.au,Male,Frankish
165,165,Godfree,groubeix4j@nps.gov,Female,Roubeix
166,166,Kippie,kordish4k@tinypic.com,Female,Ordish
167,167,Tadd,twhiteoak4l@people.com.cn,Female,Whiteoak
168,168,Jarrod,jsenecaux4m@opera.com,Male,Senecaux
169,169,Kipper,ksauvan4n@google.es,Female,Sauvan
170,170,Remington,rcrosfield4o@jigsy.com,Male,Crosfield
171,171,Isadore,ilakenden4p@chron.com,Female,Lakenden
172,172,Lemuel,ltutton4q@webmd.com,Male,Tutton
173,173,Maurizio,mflanders4r@opera.com,Male,Flanders
174,174,Tyson,tocarney4s@wufoo.com,Male,O'Carney
175,175,Cass,ccoyett4t@army.mil,Male,Coyett
176,176,Newton,naujean4u@sfgate.com,Male,Aujean
177,177,Free,funderdown4v@howstuffworks.com,Male,Underdown
178,178,Whitman,wsuter4w@cpanel.net,Female,Suter
179,179,Arty,abankhurst4x@google.fr,Male,Bankhurst
180,180,Tallie,tfosse4y@istockphoto.com,Female,Fosse
181,181,Chester,cpink4z@posterous.com,Male,Pink
182,182,Nat,nsedgmond50@accuweather.com,Female,Sedgmond
183,183,Eddie,ebrimson51@naver.com,Female,Brimson
184,184,Cyrille,crydzynski52@cbc.ca,Female,Rydzynski
185,185,Stanley,sbresnahan53@cafepress.com,Male,Bresnahan
186,186,Richmond,rslimmon54@google.es,Male,Slimmon
187,187,Decca,dhodcroft55@sciencedirect.com,Male,Hodcroft
188,188,Jeremie,jtoffano56@nymag.com,Male,Toffano
189,189,Haven,hsive57@twitpic.com,Male,Sive
190,190,Lew,lkarpenya58@vimeo.com,Female,Karpenya
191,191,Jule,jpaoletti59@wikipedia.org,Male,Paoletti
192,192,Chancey,clarsen5a@sitemeter.com,Male,Larsen
193,193,Morley,mnewrick5b@usatoday.com,Female,Newrick
194,194,Brody,bhenkens5c@google.it,Female,Henkens
195,195,Donalt,dagett5d@4shared.com,Male,Agett
196,196,Isak,iduncombe5e@hostgator.com,Male,Duncombe
197,197,Dillon,ddermot5f@hao123.com,Female,Dermot
198,198,Hercule,hmacelroy5g@theatlantic.com,Female,MacElroy
199,199,Geno,gsutter5h@yahoo.com,Female,Sutter
200,200,Hill,hgarvey5i@ca.gov,Female,Garvey
201,201,Matthias,mkenan5j@dedecms.com,Male,Kenan
202,202,Bourke,blindores5k@flavors.me,Female,Lindores
203,203,Estevan,eewin5l@devhub.com,Female,Ewin
204,204,Kenton,kwhistance5m@adobe.com,Male,Whistance
205,205,Stacy,sfullegar5n@who.int,Male,Fullegar
206,206,Bentlee,bdillintone5o@devhub.com,Male,Dillintone
207,207,Jarrod,jivanshintsev5p@miitbeian.gov.cn,Male,Ivanshintsev
208,208,Tan,tbalk5q@so-net.ne.jp,Male,Balk
209,209,Germaine,gsapp5r@statcounter.com,Female,Sapp
210,210,Peterus,pfidelus5s@walmart.com,Male,Fidelus
211,211,Abbot,atorrejon5t@ocn.ne.jp,Male,Torrejon
212,212,Lovell,llacey5u@sina.com.cn,Female,Lacey
213,213,Lion,lhugonin5v@nhs.uk,Female,Hugonin
214,214,Hogan,hdeferrari5w@sciencedaily.com,Female,De Ferrari
215,215,Luca,leriksson5x@tinyurl.com,Female,Eriksson
216,216,Teddy,tcummings5y@house.gov,Female,Cummings
217,217,Meyer,mgarbott5z@ox.ac.uk,Female,Garbott
218,218,Artus,aashall60@yellowpages.com,Female,Ashall
219,219,Milty,mboyton61@google.com.hk,Female,Boyton
220,220,Patrice,penser62@live.com,Male,Enser
221,221,Emmery,ebowller63@sakura.ne.jp,Male,Bowller
222,222,Damiano,dfilipczynski64@squidoo.com,Female,Filipczynski
223,223,Conway,crudgley65@hp.com,Male,Rudgley
224,224,Kenton,kbumford66@marriott.com,Male,Bumford
225,225,Marten,mbackshaw67@canalblog.com,Male,Backshaw
226,226,Boothe,bfilisov68@examiner.com,Female,Filisov
227,227,Chaddy,cwanderschek69@ameblo.jp,Female,Wanderschek
228,228,Horatius,hcarrell6a@qq.com,Male,Carrell
229,229,Wilhelm,wvamplew6b@rambler.ru,Female,Vamplew
230,230,Gilbert,gdebrett6c@fastcompany.com,Male,De Brett
231,231,Jerrome,jperfitt6d@163.com,Female,Perfitt
232,232,Joseito,jhuman6e@domainmarket.com,Female,Human
233,233,Xerxes,xrennles6f@youku.com,Female,Rennles
234,234,Patsy,pwhitley6g@themeforest.net,Male,Whitley
235,235,Mac,mszachniewicz6h@alexa.com,Male,Szachniewicz
236,236,Rawley,rmeeson6i@feedburner.com,Female,Meeson
237,237,Alister,abrunstan6j@unesco.org,Female,Brunstan
238,238,Keen,kalderwick6k@elegantthemes.com,Female,Alderwick
239,239,Gal,gpo6l@yale.edu,Male,Po
240,240,Lev,llesslie6m@newsvine.com,Male,Lesslie
241,241,Bartholomeo,bvanderbrug6n@jigsy.com,Female,Van der Brug
242,242,Granny,gamery6o@360.cn,Male,Amery
243,243,Eugenius,emaddaford6p@examiner.com,Male,Maddaford
244,244,Jayson,jmacbeth6q@ocn.ne.jp,Male,Macbeth
245,245,Myrvyn,mjirieck6r@aboutads.info,Female,Jirieck
246,246,Kiel,kstoodley6s@house.gov,Female,Stoodley
247,247,Richie,rdrysdall6t@booking.com,Female,Drysdall
248,248,Matthiew,mbovis6u@mapquest.com,Male,Bovis
249,249,Sumner,sphythian6v@statcounter.com,Male,Phythian
250,250,Shane,sstovine6w@fda.gov,Female,Stovine
251,251,Faber,fpawsey6x@smh.com.au,Male,Pawsey
252,252,Niko,ntodari6y@altervista.org,Female,Todari
253,253,Domenico,dbottomer6z@lulu.com,Female,Bottomer
254,254,Terencio,tgoosnell70@amazon.co.jp,Male,Goosnell
255,255,Ambrose,adimbylow71@miibeian.gov.cn,Male,Dimbylow
256,256,Walther,wdoughton72@discuz.net,Male,Doughton
257,257,Birk,bmcaloren73@msu.edu,Male,McAloren
258,258,Myron,mzellmer74@gravatar.com,Female,Zellmer
259,259,Shurlock,sgrolmann75@google.ru,Male,Grolmann
260,260,Stearn,skenwrick76@nationalgeographic.com,Male,Kenwrick
261,261,Ximenes,xsonghurst77@i2i.jp,Female,Songhurst
262,262,Colby,cpaskerful78@biglobe.ne.jp,Male,Paskerful
263,263,Tobias,tfeatherstone79@wiley.com,Male,Featherstone
264,264,Standford,skleingrub7a@liveinternet.ru,Female,Kleingrub
265,265,Merrick,msimonel7b@upenn.edu,Male,Simonel
266,266,Amos,ajorck7c@deliciousdays.com,Male,Jorck
267,267,Mata,mdeabill7d@foxnews.com,Female,Deabill
268,268,Samuel,sspradbery7e@furl.net,Male,Spradbery
269,269,Kain,kharmstone7f@shutterfly.com,Female,Harmstone
270,270,Hurlee,hduffrie7g@intel.com,Male,Duffrie
271,271,Arin,afeatherstonehaugh7h@weebly.com,Female,Featherstonehaugh
272,272,Sigismond,smulqueen7i@google.cn,Female,Mulqueen
273,273,Gordan,gbente7j@hp.com,Male,Bente
274,274,Dill,dmeikle7k@squidoo.com,Female,Meikle
275,275,Cazzie,cjahn7l@usatoday.com,Female,Jahn
276,276,Dionisio,dlenham7m@elegantthemes.com,Male,Lenham
277,277,Clyde,creaveley7n@microsoft.com,Female,Reaveley
278,278,Gerek,gkilgallon7o@globo.com,Female,Kilgallon
279,279,Riley,rgorthy7p@uiuc.edu,Male,Gorthy
280,280,Orion,osloey7q@infoseek.co.jp,Female,Sloey
281,281,Fairlie,flumber7r@nationalgeographic.com,Female,Lumber
282,282,Moises,magnolo7s@usa.gov,Female,Agnolo
283,283,Zacharie,zgarrod7t@last.fm,Female,Garrod
284,284,Roddy,rbeevors7u@addthis.com,Male,Beevors
285,285,Gerri,gbenaine7v@nbcnews.com,Female,Benaine
286,286,Ax,ajoutapavicius7w@lulu.com,Male,Joutapavicius
287,287,Ray,rtupman7x@pen.io,Male,Tupman
288,288,Griswold,gtapner7y@ezinearticles.com,Male,Tapner
289,289,Gerhard,gsarle7z@patch.com,Female,Sarle
290,290,Magnum,mloveridge80@house.gov,Male,Loveridge
291,291,Salim,smarkos81@w3.org,Male,Markos
292,292,Lefty,lbarnett82@artisteer.com,Male,Barnett
293,293,Blair,bmccart83@huffingtonpost.com,Male,McCart
294,294,Ingram,ihalleybone84@pbs.org,Male,Halleybone
295,295,Knox,kilsley85@google.fr,Male,Ilsley
296,296,Chalmers,cemps86@163.com,Male,Emps
297,297,Brnaby,bfeldbrin87@noaa.gov,Male,Feldbrin
298,298,Franny,fkee88@amazon.de,Female,Kee
299,299,Derwin,dhoofe89@pagesperso-orange.fr,Female,Hoofe
300,300,Ambros,awarcop8a@comsenz.com,Male,Warcop
301,301,Hansiain,hklainer8b@theatlantic.com,Male,Klainer
302,302,Zacharie,zrobbe8c@ameblo.jp,Female,Robbe
303,303,Archaimbaud,aquartermain8d@samsung.com,Male,Quartermain
304,304,Archibald,asaing8e@apple.com,Female,Saing
305,305,Miller,mjellings8f@merriam-webster.com,Male,Jellings
306,306,Cyrillus,csorrell8g@wsj.com,Male,Sorrell
307,307,Ephraim,ecraney8h@csmonitor.com,Male,Craney
308,308,Sam,sthomton8i@mac.com,Female,Thomton
309,309,Nolly,nliger8j@weebly.com,Female,Liger
310,310,Waiter,wvanleijs8k@abc.net.au,Male,Van Leijs
311,311,Cale,cplaistowe8l@upenn.edu,Male,Plaistowe
312,312,Quentin,qkeast8m@prnewswire.com,Male,Keast
313,313,Monro,mskupinski8n@weather.com,Male,Skupinski
314,314,John,jmellhuish8o@studiopress.com,Female,Mellhuish
315,315,Humbert,hboswood8p@miibeian.gov.cn,Female,Boswood
316,316,Fletch,fallmond8q@ed.gov,Female,Allmond
317,317,Worth,wbrittoner8r@tinypic.com,Male,Brittoner
318,318,Tulley,thartless8s@businessinsider.com,Male,Hartless
319,319,Towny,tklimushev8t@mozilla.org,Male,Klimushev
320,320,Brantley,bcawsey8u@goo.gl,Male,Cawsey
321,321,Joseph,jcloonan8v@wired.com,Female,Cloonan
322,322,Allistir,arae8w@cocolog-nifty.com,Female,Rae
323,323,Rustin,rportwaine8x@bbb.org,Female,Portwaine
324,324,Artemis,athorbon8y@imgur.com,Male,Thorbon
325,325,Westleigh,wgoffe8z@youku.com,Male,Goffe
326,326,Eldridge,epeasey90@blogspot.com,Male,Peasey
327,327,Lezley,lgemnett91@privacy.gov.au,Female,Gemnett
328,328,Neal,nbadcock92@youtube.com,Female,Badcock
329,329,Baxy,besherwood93@sakura.ne.jp,Female,Esherwood
330,330,Conrade,cmallebone94@ning.com,Male,Mallebone
331,331,Brice,bmanagh95@nih.gov,Female,Managh
332,332,Claybourne,chatton96@icq.com,Male,Hatton
333,333,Neddie,nmitchall97@flickr.com,Male,Mitchall
334,334,Hyman,hrimes98@gmpg.org,Male,Rimes
335,335,Sayre,shubber99@liveinternet.ru,Male,Hubber
336,336,Darin,dthorowgood9a@usnews.com,Male,Thorowgood
337,337,Thadeus,tkaret9b@rambler.ru,Female,Karet
338,338,Tynan,tclynman9c@merriam-webster.com,Male,Clynman
339,339,Abey,aech9d@dot.gov,Male,Ech
340,340,Mohandas,msorro9e@gnu.org,Female,Sorro
341,341,Arin,agooms9f@geocities.jp,Female,Gooms
342,342,Francois,fchatelet9g@cam.ac.uk,Male,Chatelet
343,343,Penny,pcoste9h@yellowpages.com,Male,Coste
344,344,Aloysius,aarnold9i@so-net.ne.jp,Male,Arnold
345,345,Ezechiel,ealgate9j@virginia.edu,Male,Algate
346,346,Kearney,knannizzi9k@phpbb.com,Male,Nannizzi
347,347,Hilliard,hmillsap9l@wufoo.com,Female,Millsap
348,348,Lazar,lstoyles9m@stumbleupon.com,Male,Stoyles
349,349,Mason,meastbury9n@ebay.com,Female,Eastbury
350,350,Harwell,hlorraway9o@ask.com,Female,Lorraway
351,351,Bruce,bearengey9p@blogger.com,Male,Earengey
352,352,Robbie,rchellingworth9q@google.co.uk,Male,Chellingworth
353,353,Harald,hsplevins9r@google.com.br,Female,Splevins
354,354,Waldon,wbernat9s@is.gd,Male,Bernat
355,355,Jens,jdilleston9t@com.com,Female,Dilleston
356,356,Lothaire,lrennocks9u@360.cn,Male,Rennocks
357,357,Terrell,tsigert9v@zdnet.com,Female,Sigert
358,358,Warden,wabramowitch9w@bandcamp.com,Female,Abramowitch
359,359,Warner,wjaggers9x@dropbox.com,Female,Jaggers
360,360,Barnard,btrim9y@wordpress.com,Female,Trim
361,361,Jeremie,jrikel9z@bloglovin.com,Male,Rikel
362,362,Cord,cwoolesa0@last.fm,Male,Wooles
363,363,Selby,spaxfordea1@bbc.co.uk,Female,Paxforde
364,364,Asher,abrimblecomba2@forbes.com,Male,Brimblecomb
365,365,Wynn,wabramina3@devhub.com,Male,Abramin
366,366,Ernesto,erizzardoa4@rediff.com,Male,Rizzardo
367,367,Andreas,amichelea5@wsj.com,Male,Michele
368,368,Quent,qpuiga6@shareasale.com,Female,Puig
369,369,Sly,skordovania7@dyndns.org,Female,Kordovani
370,370,Shae,slovela8@uol.com.br,Female,Lovel
371,371,Mayne,mkinfortha9@rambler.ru,Female,Kinforth
372,372,Delmor,dblackhallaa@live.com,Male,Blackhall
373,373,Renaud,rramsellab@google.com.hk,Female,Ramsell
374,374,Patrizio,pspirrittac@nhs.uk,Male,Spirritt
375,375,Elmo,euttingad@tinypic.com,Male,Utting
376,376,Rancell,redlingae@youku.com,Male,Edling
377,377,Kip,kgommaf@google.com,Female,Gomm
378,378,Maximilianus,mschmidtag@psu.edu,Female,Schmidt
379,379,Emile,edomleoah@hud.gov,Female,Domleo
380,380,Lincoln,lheadfordai@census.gov,Female,Headford
381,381,Nahum,nlyptritaj@creativecommons.org,Male,Lyptrit
382,382,Dael,ddulyak@scientificamerican.com,Male,Duly
383,383,Dwight,dmolanal@usgs.gov,Female,Molan
384,384,Iggy,imcnivenam@redcross.org,Male,McNiven
385,385,Thorin,tcaukillan@drupal.org,Female,Caukill
386,386,Brander,bbamptonao@indiegogo.com,Male,Bampton
387,387,Ulises,uholdforthap@dell.com,Male,Holdforth
388,388,Garvin,gdenmeadaq@qq.com,Female,Denmead
389,389,Ben,bjimenoar@joomla.org,Female,Jimeno
390,390,Finlay,fpelzas@yellowbook.com,Male,Pelz
391,391,Sander,svasyaninat@networksolutions.com,Female,Vasyanin
392,392,Towney,ttripeanau@eventbrite.com,Male,Tripean
393,393,Percival,pgallgherav@yellowbook.com,Male,Gallgher
394,394,Maddie,mwolseyaw@elpais.com,Male,Wolsey
395,395,Richmond,rrickwoodax@123-reg.co.uk,Male,Rickwood
396,396,Kimball,kmawdittay@smh.com.au,Female,Mawditt
397,397,Jared,jsymcoxaz@blinklist.com,Female,Symcox
398,398,Ethelbert,emousleyb0@virginia.edu,Female,Mousley
399,399,Isador,ivanarsdallb1@yolasite.com,Male,Van Arsdall
400,400,Wade,wgridleyb2@ihg.com,Male,Gridley
401,401,Wendall,wfolbigb3@quantcast.com,Male,Folbig
402,402,Obidiah,ohusselbeeb4@icq.com,Female,Husselbee
403,403,Mortie,mcattermullb5@hibu.com,Female,Cattermull
404,404,Jehu,jboumphreyb6@liveinternet.ru,Female,Boumphrey
405,405,Harrison,hwarnerb7@livejournal.com,Male,Warner
406,406,Josh,jverringb8@samsung.com,Female,Verring
407,407,Lucais,lgrebnerb9@ca.gov,Male,Grebner
408,408,Chad,cfolbiggba@examiner.com,Male,Folbigg
409,409,Hercule,hjanowiczbb@utexas.edu,Female,Janowicz
410,410,Tibold,twippermannbc@nymag.com,Female,Wippermann
411,411,Pall,pshorterbd@businessinsider.com,Male,Shorter
412,412,Chrissie,cfellinibe@bluehost.com,Female,Fellini
413,413,Clement,colivellabf@webmd.com,Female,Olivella
414,414,Alanson,aferrierebg@altervista.org,Female,Ferriere
415,415,Jordon,jshillitoebh@nyu.edu,Female,Shillitoe
416,416,Chip,cmacdowalbi@hugedomains.com,Male,MacDowal
417,417,Colby,cedgesonbj@cornell.edu,Male,Edgeson
418,418,Garreth,gsygrovebk@studiopress.com,Female,Sygrove
419,419,Arch,aplacstonebl@miibeian.gov.cn,Female,Placstone
420,420,Charley,cboulstridgebm@simplemachines.org,Male,Boulstridge
421,421,Duffie,dklamptbn@cornell.edu,Male,Klampt
422,422,Inglis,ibrewisbo@ibm.com,Female,Brewis
423,423,Aloysius,ameighbp@tinypic.com,Female,Meigh
424,424,Eldin,ecastlemanbq@abc.net.au,Female,Castleman
425,425,James,joldenbr@usa.gov,Female,Olden
426,426,Ulrich,uaxelbeebs@multiply.com,Male,Axelbee
427,427,Obediah,ochatelbt@flavors.me,Male,Chatel
428,428,Berne,bgianullibu@friendfeed.com,Female,Gianulli
429,429,Johannes,jbassbv@alibaba.com,Male,Bass
430,430,Zolly,zmayoubw@usa.gov,Male,Mayou
431,431,Sherwood,sdwellybx@mail.ru,Male,Dwelly
432,432,Burr,breamby@weibo.com,Male,Ream
433,433,Byram,bsimoneschibz@example.com,Male,Simoneschi
434,434,Haley,hheaysmanc0@admin.ch,Male,Heaysman
435,435,Anthony,amizzic1@buzzfeed.com,Male,Mizzi
436,436,Nicko,nklimovc2@naver.com,Male,Klimov
437,437,Leigh,lcamfieldc3@usgs.gov,Female,Camfield
438,438,Raffaello,rschulec4@huffingtonpost.com,Female,Schule
439,439,Stephen,sbrookesc5@bigcartel.com,Male,Brookes
440,440,Papageno,pbrookingc6@sina.com.cn,Male,Brooking
441,441,Grady,gvandecappellec7@mlb.com,Female,Van De Cappelle
442,442,Burton,bcamelic8@wsj.com,Male,Cameli
443,443,Myca,mbriztmanc9@shinystat.com,Female,Briztman
444,444,Nikki,ngerltsca@netlog.com,Male,Gerlts
445,445,Elisha,esedgemorecb@oracle.com,Male,Sedgemore
446,446,Bayard,bmcelrathcc@craigslist.org,Male,McElrath
447,447,Everard,estockycd@gizmodo.com,Female,Stocky
448,448,Early,eigounetce@ehow.com,Female,Igounet
449,449,Conn,cdemcikcf@linkedin.com,Male,Demcik
450,450,Teddy,tdevonishcg@networkadvertising.org,Female,Devonish
451,451,Farris,fbastonech@aboutads.info,Female,Bastone
452,452,Berkeley,bleppingwellci@studiopress.com,Male,Leppingwell
453,453,Prent,pbannistercj@nba.com,Male,Bannister
454,454,Artemus,akearck@sitemeter.com,Male,Kear
455,455,Dallas,dcreboecl@hc360.com,Male,Creboe
456,456,Pernell,pgallowaycm@vkontakte.ru,Male,Galloway
457,457,Huntlee,hbothbiecn@dedecms.com,Female,Bothbie
458,458,Brendan,bcarrattco@examiner.com,Male,Carratt
459,459,Skipton,sboultercp@whitehouse.gov,Male,Boulter
460,460,Cecil,ccreykecq@slideshare.net,Male,Creyke
461,461,Enoch,esottellcr@unc.edu,Male,Sottell
462,462,Franzen,fsyndercs@t.co,Male,Synder
463,463,Nathaniel,nzorzict@ibm.com,Female,Zorzi
464,464,Hilly,hsebringcu@cocolog-nifty.com,Male,Sebring
465,465,Stanwood,senrdigocv@springer.com,Male,Enrdigo
466,466,Norman,nlaugacw@illinois.edu,Female,Lauga
467,467,Homere,hshimmingscx@odnoklassniki.ru,Female,Shimmings
468,468,Jo,jkassmancy@angelfire.com,Female,Kassman
469,469,Isaak,ipearsecz@chronoengine.com,Female,Pearse
470,470,Aylmer,amillwalld0@wikispaces.com,Female,Millwall
471,471,Sigismond,sstollardd1@sbwire.com,Female,Stollard
472,472,Lester,llevertond2@samsung.com,Female,Leverton
473,473,Vail,velcoated3@mail.ru,Female,Elcoate
474,474,Gill,gslaymakerd4@creativecommons.org,Male,Slaymaker
475,475,Mel,mparkinsond5@tripadvisor.com,Female,Parkinson
476,476,Eldon,ecraighilld6@mozilla.org,Female,Craighill
477,477,Dominic,dgascoyend7@usa.gov,Female,Gascoyen
478,478,Gery,gdebeauchampd8@apache.org,Female,De Beauchamp
479,479,Bruis,bbaxandalld9@ibm.com,Female,Baxandall
480,480,Haley,haltyda@purevolume.com,Female,Alty
481,481,Gare,gdumphydb@hp.com,Female,Dumphy
482,482,Kristos,kolcotdc@craigslist.org,Female,Olcot
483,483,Renaud,rbittlestonedd@bloomberg.com,Female,Bittlestone
484,484,Denney,drayede@artisteer.com,Female,Raye
485,485,Federico,ffulundf@msu.edu,Female,Fulun
486,486,Pattie,pknowllerdg@comsenz.com,Male,Knowller
487,487,Minor,msherstondh@cmu.edu,Female,Sherston
488,488,Conney,cwrenndi@nih.gov,Male,Wrenn
489,489,Lyle,lgollydj@example.com,Male,Golly
490,490,Rollo,rmewedk@last.fm,Female,Mewe
491,491,Tomaso,tbaldrydl@unicef.org,Male,Baldry
492,492,Abramo,arallingdm@netlog.com,Female,Ralling
493,493,Gar,ghawksworthdn@icq.com,Male,Hawksworth
494,494,Kerry,kangovedo@squarespace.com,Male,Angove
495,495,Alonso,aworrelldp@noaa.gov,Female,Worrell
496,496,Hill,hallpressdq@cnn.com,Male,Allpress
497,497,Rex,ryeliashevdr@bloomberg.com,Male,Yeliashev
498,498,Berkeley,bgodlipds@oracle.com,Female,Godlip
499,499,Kasper,kwalasikdt@blogspot.com,Female,Walasik
500,500,Timotheus,tginnetydu@joomla.org,Male,Ginnety
501,501,Riccardo,rmordauntdv@icq.com,Female,Mordaunt
502,502,Felizio,fweekdw@ibm.com,Female,Week
503,503,See,smattersleydx@angelfire.com,Male,Mattersley
504,504,Dirk,dbeechcraftdy@prlog.org,Male,Beechcraft
505,505,Harp,hdryburghdz@hubpages.com,Female,Dryburgh
506,506,Fowler,fredmilee0@boston.com,Male,Redmile
507,507,Seward,sbukace1@baidu.com,Female,Bukac
508,508,Donal,dbroadye2@goo.ne.jp,Female,Broady
509,509,Caesar,ccassye3@last.fm,Male,Cassy
510,510,Phil,pcamplene4@pagesperso-orange.fr,Male,Camplen
511,511,Perice,plaurente5@acquirethisname.com,Male,Laurent
512,512,Allyn,acrinione6@java.com,Male,Crinion
513,513,Sherwood,syegorove7@usda.gov,Female,Yegorov
514,514,Dav,dlightbodye8@nymag.com,Female,Lightbody
515,515,Erek,egricee9@weebly.com,Female,Grice
516,516,Reginauld,rcastellaniea@gmpg.org,Female,Castellani
517,517,Paulie,phurleb@goodreads.com,Female,Hurl
518,518,Ermanno,ebadiniec@i2i.jp,Female,Badini
519,519,Dimitri,dpeschkeed@salon.com,Female,Peschke
520,520,Nichols,nveazeyee@dyndns.org,Female,Veazey
521,521,Tito,tmustooef@skyrock.com,Male,Mustoo
522,522,Kalil,kbartoszewskieg@hatena.ne.jp,Female,Bartoszewski
523,523,Reagan,rnendeh@dailymail.co.uk,Male,Nend
524,524,Harris,hcarlessei@homestead.com,Female,Carless
525,525,Horton,hwaddieej@com.com,Male,Waddie
526,526,Aguistin,acarraneek@cbslocal.com,Female,Carrane
527,527,Cart,cswanneel@php.net,Male,Swanne
528,528,Gradeigh,gbrandhamem@harvard.edu,Female,Brandham
529,529,Rog,rshermeen@fema.gov,Female,Sherme
530,530,Sheridan,smaccombeeo@usda.gov,Male,MacCombe
531,531,Hollis,harrandaleep@craigslist.org,Male,Arrandale
532,532,Lorrie,lhannaheq@timesonline.co.uk,Female,Hannah
533,533,Bert,bducrower@ezinearticles.com,Male,Ducrow
534,534,Eadmund,ereginaes@google.nl,Female,Regina
535,535,Davon,dklaveset@marketwatch.com,Male,Klaves
536,536,Cleve,cblyeu@symantec.com,Male,Bly
537,537,Maurizio,mcannamev@opensource.org,Male,Cannam
538,538,Eliot,elagaduew@flickr.com,Male,Lagadu
539,539,Vladimir,vmcenhillex@smh.com.au,Male,McEnhill
540,540,Aldis,acushey@accuweather.com,Male,Cush
541,541,Egbert,ebaylesez@webeden.co.uk,Female,Bayles
542,542,Spike,scoolf0@behance.net,Female,Cool
543,543,Zebulen,zjoburnf1@cmu.edu,Male,Joburn
544,544,Akim,aknyvettf2@hud.gov,Female,Knyvett
545,545,Olly,oalexsandrowiczf3@skype.com,Female,Alexsandrowicz
546,546,Eli,ewoollastonf4@etsy.com,Female,Woollaston
547,547,Humfried,hrealf5@dell.com,Male,Real
548,548,Weidar,wcohanif6@china.com.cn,Male,Cohani
549,549,Boone,bstoodf7@themeforest.net,Male,Stood
550,550,Rowland,rdennerlyf8@java.com,Female,Dennerly
551,551,Fidel,fthomassenf9@tripod.com,Female,Thomassen
552,552,Konstantine,kvedntyevfa@cbsnews.com,Male,Vedntyev
553,553,Galven,ghartlefb@fotki.com,Female,Hartle
554,554,Aldous,adominettifc@stumbleupon.com,Male,Dominetti
555,555,Aguie,arummerfd@boston.com,Male,Rummer
556,556,Tucky,thingeleyfe@bravesites.com,Female,Hingeley
557,557,Wadsworth,wgellionff@cam.ac.uk,Female,Gellion
558,558,Kiel,kgerauldfg@google.es,Female,Gerauld
559,559,Dar,daitchesonfh@wordpress.org,Male,Aitcheson
560,560,Mark,melvyfi@biglobe.ne.jp,Female,Elvy
561,561,Edik,egratrixfj@economist.com,Female,Gratrix
562,562,Harp,hbrownscombefk@acquirethisname.com,Male,Brownscombe
563,563,Otto,osprossonfl@360.cn,Female,Sprosson
564,564,Garwood,glanahanfm@google.fr,Female,Lanahan
565,565,Warden,wmohringfn@nasa.gov,Female,Mohring
566,566,Gregory,gtregennafo@mapquest.com,Male,Tregenna
567,567,Clevie,csapsfordfp@netscape.com,Female,Sapsford
568,568,Garrard,gtomichfq@flavors.me,Male,Tomich
569,569,Meyer,mbuffhamfr@devhub.com,Male,Buffham
570,570,Dallon,dbrailsfordfs@nasa.gov,Female,Brailsford
571,571,Mikkel,mauburyft@nbcnews.com,Female,Aubury
572,572,Portie,pdecourcyfu@domainmarket.com,Male,Decourcy
573,573,Vito,vdaglessfv@google.com.au,Female,Dagless
574,574,Hermy,hcharterisfw@craigslist.org,Female,Charteris
575,575,Broddy,bpoltunfx@slate.com,Male,Poltun
576,576,Arman,aodennehyfy@cocolog-nifty.com,Male,O'Dennehy
577,577,Freeland,frohlffz@google.de,Male,Rohlf
578,578,Sammy,srupertog0@quantcast.com,Female,Ruperto
579,579,Pinchas,pburgottg1@dot.gov,Male,Burgott
580,580,Eugenius,estitheg2@about.me,Female,Stithe
581,581,Thorsten,tchaliceg3@freewebs.com,Female,Chalice
582,582,Ulric,udrewesg4@auda.org.au,Female,Drewes
583,583,Stanly,spythong5@tripod.com,Female,Python
584,584,Mathe,mpheasantg6@ihg.com,Male,Pheasant
585,585,Carson,cbellordg7@chron.com,Female,Bellord
586,586,Osgood,ospunerg8@bandcamp.com,Male,Spuner
587,587,Colas,ctrowellg9@nifty.com,Female,Trowell
588,588,Arel,amulcockga@exblog.jp,Male,Mulcock
589,589,Clem,cadkingb@ezinearticles.com,Male,Adkin
590,590,Jarrad,jsilcocksgc@hc360.com,Male,Silcocks
591,591,Ly,lsproatgd@microsoft.com,Male,Sproat
592,592,Jorge,jtrubshawge@wikimedia.org,Female,Trubshaw
593,593,Roderick,rmccandiegf@hexun.com,Male,McCandie
594,594,Bertrando,barnfieldgg@stumbleupon.com,Female,Arnfield
595,595,Ely,ecornbillgh@ihg.com,Male,Cornbill
596,596,Kent,ktorrygi@go.com,Male,Torry
597,597,Morse,mjandakgj@icio.us,Male,Jandak
598,598,Menard,mdehavengk@mapquest.com,Female,De Haven
599,599,Petr,pkowalikgl@toplist.cz,Female,Kowalik
600,600,Arnoldo,aharriagngm@bloglovin.com,Female,Harriagn
601,601,Reece,rinsworthgn@weather.com,Female,Insworth
602,602,Drake,dwordsleygo@earthlink.net,Female,Wordsley
603,603,Fons,fkrochgp@vistaprint.com,Male,Kroch
604,604,Allin,ayurmanovevgq@cocolog-nifty.com,Female,Yurmanovev
605,605,Boy,bsautergr@opera.com,Male,Sauter
606,606,Farrel,flarkingsgs@last.fm,Female,Larkings
607,607,Bronnie,bpasbygt@google.co.uk,Female,Pasby
608,608,Woodrow,wfobidgegu@time.com,Male,Fobidge
609,609,Hewet,hpaulleygv@hc360.com,Male,Paulley
610,610,Conrado,csnailhamgw@privacy.gov.au,Male,Snailham
611,611,Olly,ostarbeckgx@indiatimes.com,Male,Starbeck
612,612,Nigel,nrylstonegy@163.com,Male,Rylstone
613,613,Pincas,pcarlessogz@elpais.com,Male,Carlesso
614,614,Coleman,ckitcherh0@umich.edu,Male,Kitcher
615,615,Ingar,iavrahamianh1@cbc.ca,Male,Avrahamian
616,616,Aldwin,acantleh2@google.ru,Female,Cantle
617,617,Rodge,rsnawdenh3@google.ca,Female,Snawden
618,618,Wash,whaffardh4@1688.com,Male,Haffard
619,619,Hayden,hhammentsh5@artisteer.com,Female,Hamments
620,620,Raul,rtopingh6@imdb.com,Male,Toping
621,621,Elisha,eharderh7@craigslist.org,Male,Harder
622,622,Bertrand,bnewarkh8@seattletimes.com,Male,Newark
623,623,Arne,aashplanth9@storify.com,Female,Ashplant
624,624,Napoleon,nhewertsonha@spotify.com,Female,Hewertson
625,625,Northrop,nglendenninghb@over-blog.com,Male,Glendenning
626,626,Nathanil,nstivehc@bloglovin.com,Female,Stive
627,627,Prentiss,pgrossierhd@diigo.com,Male,Grossier
628,628,Kahlil,kbeenhe@fema.gov,Male,Been
629,629,Barron,bosgodbyhf@cloudflare.com,Male,Osgodby
630,630,Frazier,fdrewsonhg@msn.com,Female,Drewson
631,631,Luca,lmingaudhh@netvibes.com,Female,Mingaud
632,632,Adamo,anadenhi@usda.gov,Male,Naden
633,633,Johnathan,jkynetonhj@eepurl.com,Female,Kyneton
634,634,Conny,claverackhk@topsy.com,Male,Laverack
635,635,Cyrille,csalkeldhl@ucoz.ru,Male,Salkeld
636,636,Chris,cgetcliffehm@hatena.ne.jp,Male,Getcliffe
637,637,Abie,afanthn@go.com,Male,Fant
638,638,Kenyon,kbalkho@engadget.com,Female,Balk
639,639,Kasper,kcrasswellerhp@sogou.com,Female,Crassweller
640,640,Guy,gfishehq@ehow.com,Female,Fishe
641,641,Valdemar,vharyngtonhr@shutterfly.com,Male,Haryngton
642,642,Skelly,sdocwrahs@people.com.cn,Female,Docwra
643,643,Frederik,fwinsperht@businessinsider.com,Male,Winsper
644,644,Waylan,wcleevelyhu@apache.org,Male,Cleevely
645,645,Mendie,mshutthv@wikia.com,Female,Shutt
646,646,Alexandros,aranfieldhw@tinyurl.com,Male,Ranfield
647,647,Sayres,sharbordhx@yellowpages.com,Female,Harbord
648,648,Archibald,aoxberryhy@cloudflare.com,Female,Oxberry
649,649,Quintus,qmenpeshz@globo.com,Female,Menpes
650,650,Abeu,aluceyi0@google.com.br,Female,Lucey
651,651,Geoffry,gtennicki1@hostgator.com,Male,Tennick
652,652,Sherman,sleblanci2@seesaa.net,Male,Leblanc
653,653,Chick,cteenani3@delicious.com,Male,Teenan
654,654,Pernell,pdadgei4@cloudflare.com,Male,Dadge
655,655,Gerry,gsantacrolei5@freewebs.com,Male,Santacrole
656,656,Alva,akettlestringi6@instagram.com,Female,Kettlestring
657,657,Elliott,enicklessi7@alibaba.com,Male,Nickless
658,658,Domenico,dmcairti8@sun.com,Male,McAirt
659,659,Cletus,clackemanni9@ucsd.edu,Female,Lackemann
660,660,Farleigh,fpreonia@hao123.com,Female,Preon
661,661,Arvie,asharlandib@japanpost.jp,Male,Sharland
662,662,Amby,amaineic@home.pl,Female,Maine
663,663,Cullan,cvlasenkovid@tumblr.com,Female,Vlasenkov
664,664,Ky,kmcmeekanie@gmpg.org,Female,McMeekan
665,665,Daven,dgrinstedif@youku.com,Female,Grinsted
666,666,Riley,rhindmoorig@jimdo.com,Male,Hindmoor
667,667,Itch,idrakeih@sciencedirect.com,Male,Drake
668,668,Benn,bangrockii@mapy.cz,Male,Angrock
669,669,Tomaso,thowfordij@yolasite.com,Female,Howford
670,670,Ibrahim,idetoileik@networksolutions.com,Female,Detoile
671,671,Bartram,bdimatteoil@admin.ch,Female,Di Matteo
672,672,Gustaf,ggratrexim@furl.net,Female,Gratrex
673,673,Royall,rgosselinin@aol.com,Female,Gosselin
674,674,Reggie,rswansonio@arizona.edu,Female,Swanson
675,675,Aguistin,aballinip@vkontakte.ru,Female,Ballin
676,676,Torey,tmcknishiq@free.fr,Female,McKnish
677,677,Kerby,kalcoranir@wordpress.com,Female,Alcoran
678,678,Osbourn,oscampis@livejournal.com,Female,Scamp
679,679,Turner,thamberit@cafepress.com,Female,Hamber
680,680,Bartolemo,bflaggiu@macromedia.com,Female,Flagg
681,681,Judah,jshellyiv@biblegateway.com,Female,Shelly
682,682,Bob,btasseleriw@wufoo.com,Female,Tasseler
683,683,Herbert,hhacheix@dagondesign.com,Male,Hache
684,684,Dieter,dachrameeviy@friendfeed.com,Male,Achrameev
685,685,Rudyard,rshaneiz@answers.com,Male,Shane
686,686,Cordy,canyonj0@topsy.com,Female,Anyon
687,687,Hirsch,horkneyj1@fotki.com,Male,Orkney
688,688,Christos,cwhittleseaj2@bravesites.com,Female,Whittlesea
689,689,Davide,dknibbj3@opensource.org,Male,Knibb
690,690,Dolph,dharcusj4@soup.io,Female,Harcus
691,691,Pancho,pleonj5@yahoo.co.jp,Male,Leon
692,692,Rik,rlilloj6@behance.net,Female,Lillo
693,693,Jeffrey,jboissieuxj7@columbia.edu,Female,Boissieux
694,694,Heriberto,hlapreej8@discuz.net,Female,Lapree
695,695,Willy,wmowsleyj9@canalblog.com,Female,Mowsley
696,696,Jehu,jofarrisja@independent.co.uk,Male,O'Farris
697,697,Emanuel,epotierjb@imgur.com,Male,Potier
698,698,Galvin,gdisburyjc@tmall.com,Female,Disbury
699,699,Dominique,ddiddamsjd@opensource.org,Female,Diddams
700,700,Taddeusz,tfilyashinje@weebly.com,Female,Filyashin
701,701,Poul,pdalliganjf@salon.com,Male,Dalligan
702,702,Bernarr,bgoodwelljg@washingtonpost.com,Female,Goodwell
703,703,Malchy,mhendrickjh@ft.com,Female,Hendrick
704,704,Sly,sheaslyji@oakley.com,Female,Heasly
705,705,Alard,atibbjj@latimes.com,Male,Tibb
706,706,Hermy,hjimesjk@theatlantic.com,Male,Jimes
707,707,Sayre,sgiacovettijl@reference.com,Male,Giacovetti
708,708,Eldon,eabdonjm@drupal.org,Female,Abdon
709,709,Clementius,cgardenerjn@histats.com,Male,Gardener
710,710,Walden,wpiggfordjo@arstechnica.com,Female,Piggford
711,711,Guntar,gjarryjp@yolasite.com,Male,Jarry
712,712,Prentice,pbartolicjq@chicagotribune.com,Male,Bartolic
713,713,Jarrett,jferiejr@dropbox.com,Male,Ferie
714,714,Cazzie,cchingedehalsjs@xinhuanet.com,Male,Chinge de Hals
715,715,Christian,cdaleyjt@columbia.edu,Female,Daley
716,716,Timofei,tpotterilju@answers.com,Female,Potteril
717,717,Huntlee,hcollarjv@fc2.com,Female,Collar
718,718,Hill,hmowsdalejw@nsw.gov.au,Female,Mowsdale
719,719,Barton,bschmidtjx@soundcloud.com,Male,Schmidt
720,720,Hort,hlebelljy@skyrock.com,Male,Lebell
721,721,Bret,bwalwoodjz@shareasale.com,Male,Walwood
722,722,Chevalier,climeburnerk0@is.gd,Male,Limeburner
723,723,Sullivan,ssinottk1@buzzfeed.com,Male,Sinott
724,724,Spike,sarmank2@springer.com,Female,Arman
725,725,Kermie,ktoffolinik3@usa.gov,Male,Toffolini
726,726,Sigfried,skloserk4@moonfruit.com,Male,Kloser
727,727,Kinny,kkretschmerk5@networkadvertising.org,Female,Kretschmer
728,728,Remington,rirvinek6@skyrock.com,Male,Irvine
729,729,Erin,eklimak7@shutterfly.com,Female,Klima
730,730,Hanan,haylenk8@photobucket.com,Female,Aylen
731,731,Garik,gcowlesk9@cdbaby.com,Female,Cowles
732,732,Broderick,bninnottika@google.pl,Female,Ninnotti
733,733,Skylar,salleynekb@edublogs.org,Female,Alleyne
734,734,Colan,cridholekc@deviantart.com,Female,Ridhole
735,735,Chester,chousbiekd@wired.com,Female,Housbie
736,736,Granger,gblewettke@reuters.com,Female,Blewett
737,737,Jamey,jtrevenakf@google.ca,Male,Trevena
738,738,Marcellus,meccersleykg@mail.ru,Male,Eccersley
739,739,Jorge,jdahlgrenkh@ifeng.com,Female,Dahlgren
740,740,Way,welcoatki@sphinn.com,Male,Elcoat
741,741,Garrott,gmccallamkj@nasa.gov,Female,McCallam
742,742,Moises,mwineskk@amazon.co.jp,Male,Wines
743,743,Winfield,wsalazarkl@columbia.edu,Male,Salazar
744,744,Mac,mbraganzakm@hao123.com,Female,Braganza
745,745,Lew,lmapsonkn@state.tx.us,Male,Mapson
746,746,Morgun,mlewsamko@devhub.com,Female,Lewsam
747,747,Bogart,bcrofthwaitekp@odnoklassniki.ru,Male,Crofthwaite
748,748,Rinaldo,rbessomkq@elegantthemes.com,Male,Bessom
749,749,Stanislas,serrowekr@tmall.com,Female,Errowe
750,750,Winthrop,wcrossleyks@oracle.com,Female,Crossley
751,751,Tedd,tsivekt@wired.com,Female,Sive
752,752,Kyle,kchampagneku@blogs.com,Female,Champagne
753,753,Aldus,atartekv@time.com,Female,Tarte
754,754,Marietta,mwaadenburgkw@myspace.com,Male,Waadenburg
755,755,Reginauld,rchalfainkx@icq.com,Male,Chalfain
756,756,Barnaby,bmachargky@nifty.com,Male,MacHarg
757,757,Osgood,olabbezkz@vkontakte.ru,Female,Labbez
758,758,Tirrell,tredfearnl0@geocities.jp,Female,Redfearn
759,759,Dario,dfetterplacel1@imdb.com,Female,Fetterplace
760,760,Howey,hdictyl2@istockphoto.com,Male,Dicty
761,761,Innis,ibuntingl3@ftc.gov,Male,Bunting
762,762,Orin,oclementel4@domainmarket.com,Male,Clemente
763,763,Pall,pgrigautl5@zimbio.com,Male,Grigaut
764,764,Torry,tmegaineyl6@liveinternet.ru,Male,Megainey
765,765,Cassie,carboinl7@marketwatch.com,Female,Arboin
766,766,Andrus,aroccal8@un.org,Female,Rocca
767,767,Kendrick,kcoiel9@jugem.jp,Female,Coie
768,768,Wain,wbythellla@creativecommons.org,Male,Bythell
769,769,Kienan,kswanwicklb@yellowpages.com,Female,Swanwick
770,770,Zack,zcomrielc@slashdot.org,Male,Comrie
771,771,Giraldo,grobbield@economist.com,Male,Robbie
772,772,Eldin,eshackesbyle@wordpress.com,Female,Shackesby
773,773,Kendal,kjudsonlf@oakley.com,Female,Judson
774,774,Karlis,kaasaflg@google.fr,Female,Aasaf
775,775,Trev,tlabittlh@google.es,Female,Labitt
776,776,Alva,arambergli@sitemeter.com,Female,Ramberg
777,777,Findlay,fclaessenslj@unc.edu,Female,Claessens
778,778,Farly,fwoolvinlk@wix.com,Male,Woolvin
779,779,Kelwin,kgrittenll@bing.com,Female,Gritten
780,780,Allin,abrameltlm@amazon.co.uk,Female,Bramelt
781,781,Morly,mjaskiewiczln@seesaa.net,Male,Jaskiewicz
782,782,Staffard,shindrichlo@themeforest.net,Female,Hindrich
783,783,Sayres,skiddlelp@reference.com,Female,Kiddle
784,784,Stinky,sheiniglq@elegantthemes.com,Male,Heinig
785,785,Ange,askipseylr@homestead.com,Male,Skipsey
786,786,Emelen,egrovels@storify.com,Female,Grove
787,787,Eduino,ekenrightlt@yellowbook.com,Male,Kenright
788,788,Mario,mwalbridgelu@seattletimes.com,Female,Walbridge
789,789,Rodd,rokennylv@jugem.jp,Male,O'Kenny
790,790,Hershel,hmcdermotlw@bloglovin.com,Male,McDermot
791,791,Kelwin,kstedmondlx@mlb.com,Male,Stedmond
792,792,Osbourne,ojaffraly@1688.com,Male,Jaffra
793,793,Heath,hraffeortylz@bizjournals.com,Female,Raffeorty
794,794,Shurwood,sspaffordm0@ibm.com,Female,Spafford
795,795,Waite,whousemanm1@w3.org,Male,Houseman
796,796,Dell,dcawthornm2@tinyurl.com,Male,Cawthorn
797,797,Gaven,gschabenm3@instagram.com,Male,Schaben
798,798,Gerick,grizzolom4@cam.ac.uk,Male,Rizzolo
799,799,Toddy,tspadam5@uol.com.br,Female,Spada
800,800,Giacopo,gstoodm6@yolasite.com,Male,Stood
801,801,Verne,veslingerm7@odnoklassniki.ru,Female,Eslinger
802,802,Moises,mmilillom8@w3.org,Male,Milillo
803,803,Dunstan,dspillardm9@nymag.com,Male,Spillard
804,804,Hugo,hjeremiahma@so-net.ne.jp,Male,Jeremiah
805,805,Launce,lleifmb@amazonaws.com,Male,Leif
806,806,Leonard,lbollinmc@go.com,Male,Bollin
807,807,Angel,astellmanmd@prnewswire.com,Female,Stellman
808,808,Zacharias,zgyenesme@biblegateway.com,Male,Gyenes
809,809,Hartley,hmacronaldmf@newyorker.com,Female,MacRonald
810,810,Benedict,bwahnermg@prnewswire.com,Female,Wahner
811,811,Patty,pbernadzkimh@ycombinator.com,Female,Bernadzki
812,812,Richmond,rkenealymi@amazon.co.uk,Male,Kenealy
813,813,Gallagher,gmieremj@squarespace.com,Male,Miere
814,814,Pasquale,pfollitmk@vkontakte.ru,Female,Follit
815,815,Cris,chelkinml@cocolog-nifty.com,Female,Helkin
816,816,Rodolfo,rmattholiemm@bloglines.com,Female,Mattholie
817,817,Garv,gcoshmn@tripod.com,Female,Cosh
818,818,Maddie,mdulantymo@admin.ch,Female,Dulanty
819,819,Pincus,pbrickellmp@instagram.com,Male,Brickell
820,820,Fairleigh,fdurmq@flickr.com,Female,Dur
821,821,Igor,ikeightleymr@barnesandnoble.com,Female,Keightley
822,822,Lucais,lblameyms@tripadvisor.com,Male,Blamey
823,823,Zeke,zmussettmt@cyberchimps.com,Female,Mussett
824,824,Ingemar,ilinchmu@163.com,Female,Linch
825,825,Hymie,hdurhammv@phoca.cz,Female,Durham
826,826,Ugo,umaghullmw@boston.com,Female,Maghull
827,827,Anders,asearsmx@topsy.com,Female,Sears
828,828,Findlay,fswannellmy@domainmarket.com,Female,Swannell
829,829,Wallache,wsprullmz@rediff.com,Male,Sprull
830,830,Dermot,dbirdseyen0@acquirethisname.com,Male,Birdseye
831,831,Maximilianus,mbrinkleyn1@usatoday.com,Male,Brinkley
832,832,Thadeus,talexandroun2@bloomberg.com,Female,Alexandrou
833,833,Reuven,rchiverstonen3@discuz.net,Female,Chiverstone
834,834,Ezekiel,eolivarin4@ebay.co.uk,Female,Olivari
835,835,Arman,acaizleyn5@earthlink.net,Female,Caizley
836,836,Chrisse,cnorthn6@sciencedirect.com,Male,North
837,837,Hamil,hbrandesn7@narod.ru,Male,Brandes
838,838,Aharon,aduchann8@smh.com.au,Male,Duchan
839,839,Trip,tmarlinn9@zdnet.com,Male,Marlin
840,840,Augie,acalderonna@noaa.gov,Female,Calderon
841,841,Salem,sdarguenb@nifty.com,Male,Dargue
842,842,Garey,gfrancknc@independent.co.uk,Female,Franck
843,843,Billie,byelyashevnd@ucoz.com,Male,Yelyashev
844,844,Vite,vbickfordne@opensource.org,Female,Bickford
845,845,Matthus,mtarrennf@dell.com,Male,Tarren
846,846,Filmer,fwoolfittng@mtv.com,Male,Woolfitt
847,847,Codie,cbarczewskinh@businessinsider.com,Female,Barczewski
848,848,Bertie,bcasellani@oakley.com,Male,Casella
849,849,Sterne,spredohlnj@ucla.edu,Male,Predohl
850,850,Flory,fflementnk@wiley.com,Female,Flement
851,851,Hugo,hrayntonnl@patch.com,Female,Raynton
852,852,Graehme,gbenediktovichnm@dailymotion.com,Female,Benediktovich
853,853,Paco,prummingsnn@blinklist.com,Female,Rummings
854,854,Jonah,jneedno@indiegogo.com,Male,Need
855,855,Standford,sstanmannp@technorati.com,Female,Stanman
856,856,Edvard,emaccinq@studiopress.com,Female,Macci
857,857,Ber,bbewseynr@ed.gov,Female,Bewsey
858,858,Henry,hsommerscalesns@facebook.com,Male,Sommerscales
859,859,Ogdan,olenschnt@cargocollective.com,Male,Lensch
860,860,Corny,cidlenu@desdev.cn,Female,Idle
861,861,Aleksandr,aizkovitznv@altervista.org,Male,Izkovitz
862,862,Saunderson,spetrenkonw@alexa.com,Female,Petrenko
863,863,Griffy,ggoldthorpenx@seesaa.net,Male,Goldthorpe
864,864,Hobart,hsaenzny@irs.gov,Female,Saenz
865,865,Zacharia,zsearesnz@multiply.com,Female,Seares
866,866,Karlan,kpalombio0@chron.com,Female,Palombi
867,867,Vidovik,vfigurao1@e-recht24.de,Female,Figura
868,868,Dom,disaksono2@1688.com,Female,Isakson
869,869,Granny,gwardropeo3@reverbnation.com,Female,Wardrope
870,870,Marc,mgregoracio4@mayoclinic.com,Male,Gregoraci
871,871,Onfre,oburkino5@harvard.edu,Male,Burkin
872,872,Wilmar,wfooto6@omniture.com,Male,Foot
873,873,Ransom,recho7@independent.co.uk,Male,Ech
874,874,Tyrone,tshadfourtho8@uiuc.edu,Female,Shadfourth
875,875,Jessee,jvarleyo9@dagondesign.com,Male,Varley
876,876,Dean,ddightoa@soup.io,Female,Dight
877,877,Arman,awayperob@weebly.com,Female,Wayper
878,878,Elton,eboothroydoc@java.com,Female,Boothroyd
879,879,Gustavo,gimlackeod@google.ru,Male,Imlacke
880,880,Antoni,aegdaleoe@wikimedia.org,Male,Egdale
881,881,Nevil,nmershof@homestead.com,Female,Mersh
882,882,Keane,kcapronog@miitbeian.gov.cn,Male,Capron
883,883,Dory,dpickettoh@symantec.com,Male,Pickett
884,884,Jock,jmacadieoi@instagram.com,Male,MacAdie
885,885,Farly,fmorbyoj@constantcontact.com,Female,Morby
886,886,Salvatore,stabrettok@berkeley.edu,Male,Tabrett
887,887,Mychal,mmckagol@sfgate.com,Female,McKag
888,888,Levy,lfenbyom@gov.uk,Male,Fenby
889,889,Worth,wmclaughlanon@skype.com,Female,McLaughlan
890,890,Ingar,iattawayoo@altervista.org,Male,Attaway
891,891,Wes,wlongmaidop@soup.io,Female,Longmaid
892,892,Winfred,wmontacuteoq@xing.com,Female,Montacute
893,893,Albert,adickieor@msn.com,Female,Dickie
894,894,Tiebout,tsummerhayesos@latimes.com,Male,Summerhayes
895,895,Skipper,sauchterlonyot@fc2.com,Male,Auchterlony
896,896,Kort,ktorveyou@upenn.edu,Female,Torvey
897,897,Frederic,fmilmoreov@columbia.edu,Male,Milmore
898,898,Collin,ccarletonow@google.nl,Male,Carleton
899,899,Tammy,taltamiranoox@a8.net,Male,Altamirano
900,900,Halsey,hspridgeonoy@ox.ac.uk,Female,Spridgeon
901,901,Broderick,bbeaushawoz@ning.com,Female,Beaushaw
902,902,Carver,cburgotp0@netlog.com,Male,Burgot
903,903,Bartolemo,bbeggp1@businesswire.com,Male,Begg
904,904,Valentijn,vpiersep2@ovh.net,Female,Pierse
905,905,Humphrey,hraynhamp3@census.gov,Female,Raynham
906,906,Jdavie,jcatherallp4@oracle.com,Male,Catherall
907,907,Theodor,tgirardyp5@java.com,Female,Girardy
908,908,Parke,pbodkerp6@ask.com,Female,Bodker
909,909,Kent,kcap7@deviantart.com,Female,Ca
910,910,Ado,akehrip8@opensource.org,Male,Kehri
911,911,Aldridge,ajozwiakp9@ucla.edu,Female,Jozwiak
912,912,Kelwin,kgoodbarpa@github.com,Male,Goodbar
913,913,Hardy,hcastelynpb@linkedin.com,Female,Castelyn
914,914,Ruby,rplanepc@g.co,Male,Plane
915,915,Gannie,gbulchpd@about.me,Male,Bulch
916,916,Alonzo,abalmerpe@vkontakte.ru,Male,Balmer
917,917,Cozmo,cmaginnpf@canalblog.com,Male,Maginn
918,918,Flinn,ftrodlerpg@nsw.gov.au,Female,Trodler
919,919,Cameron,cmcconnachieph@vinaora.com,Female,McConnachie
920,920,Alic,abrickwoodpi@yolasite.com,Male,Brickwood
921,921,Dennison,dglavispj@is.gd,Female,Glavis
922,922,Hendrick,hwandspk@so-net.ne.jp,Female,Wands
923,923,Georgi,ggladdinpl@umn.edu,Male,Gladdin
924,924,Morlee,mgladstonepm@tamu.edu,Female,Gladstone
925,925,Berkly,bmikopn@cyberchimps.com,Male,Miko
926,926,Aldin,aantoniewiczpo@csmonitor.com,Male,Antoniewicz
927,927,Lem,ltinsleypp@chronoengine.com,Female,Tinsley
928,928,Rubin,rmaphampq@chronoengine.com,Male,Mapham
929,929,Luca,lbutchartpr@cnn.com,Female,Butchart
930,930,Reidar,rwharramps@yellowbook.com,Male,Wharram
931,931,Dionysus,dearlandpt@free.fr,Female,Earland
932,932,Dougy,dhinchcliffepu@jigsy.com,Female,Hinchcliffe
933,933,Bennie,bcoldbathepv@dailymotion.com,Male,Coldbathe
934,934,Ilario,iwincepw@edublogs.org,Male,Wince
935,935,Randell,rbellingerpx@discovery.com,Female,Bellinger
936,936,Nealy,nkeattchpy@newsvine.com,Male,Keattch
937,937,Neel,nsteerspz@ycombinator.com,Male,Steers
938,938,Alejandro,azorzinq0@sbwire.com,Male,Zorzin
939,939,Nikos,neareyq1@unblog.fr,Female,Earey
940,940,Francois,fgronousq2@friendfeed.com,Female,Gronous
941,941,Banky,bianneq3@51.la,Male,Ianne
942,942,Winnie,wnathonq4@webnode.com,Female,Nathon
943,943,Anatole,apearseq5@mapquest.com,Female,Pearse
944,944,Robin,rfatkinq6@google.es,Male,Fatkin
945,945,Sherlocke,shassanq7@hexun.com,Male,Hassan
946,946,Brig,beliaq8@flavors.me,Male,Elia
947,947,Kyle,kesherwoodq9@joomla.org,Male,Esherwood
948,948,Reynolds,rhamnettqa@parallels.com,Male,Hamnett
949,949,Barnard,bsallengerqb@arstechnica.com,Male,Sallenger
950,950,Marten,mthomasenqc@google.com.hk,Male,Thomasen
951,951,Harald,htenneyqd@dailymotion.com,Male,Tenney
952,952,Courtney,chawsbyqe@privacy.gov.au,Female,Hawsby
953,953,Burk,bpaddockqf@fotki.com,Male,Paddock
954,954,Abey,acoltartqg@hostgator.com,Female,Coltart
955,955,Aubert,awhyffenqh@census.gov,Male,Whyffen
956,956,Stacee,smossqi@yellowpages.com,Male,Moss
957,957,Dallis,dmatthensenqj@yandex.ru,Male,Matthensen
958,958,Decca,dmalesqk@altervista.org,Female,Males
959,959,Philbert,pulrikql@indiegogo.com,Male,Ulrik
960,960,Robin,rbeamishqm@example.com,Female,Beamish
961,961,Sterne,spenvarneqn@opensource.org,Female,Penvarne
962,962,Dwain,dmocquerqo@foxnews.com,Male,Mocquer
963,963,Torey,tkarpeevqp@ezinearticles.com,Male,Karpeev
964,964,Horace,hmaddinonqq@yandex.ru,Female,Maddinon
965,965,Tab,tsilvermanqr@discovery.com,Male,Silverman
966,966,Lloyd,lgillanqs@businessinsider.com,Male,Gillan
967,967,Norman,nskudderqt@bizjournals.com,Female,Skudder
968,968,Wayland,wgreenleesqu@over-blog.com,Female,Greenlees
969,969,Tamas,thelkinqv@comsenz.com,Female,Helkin
970,970,Virge,vfazzioliqw@deliciousdays.com,Female,Fazzioli
971,971,Tim,tfitchettqx@ihg.com,Male,Fitchett
972,972,Shea,smcshirrieqy@umn.edu,Male,McShirrie
973,973,Dino,dbohmanqz@blog.com,Female,Bohman
974,974,Brooks,bsidryr0@telegraph.co.uk,Male,Sidry
975,975,Jaimie,jcufleyr1@npr.org,Female,Cufley
976,976,Terrence,tsedenr2@quantcast.com,Female,Seden
977,977,Addy,acroyr3@reverbnation.com,Male,Croy
978,978,Charlton,cbassilashvilir4@comcast.net,Female,Bassilashvili
979,979,Victoir,vkensyr5@ycombinator.com,Male,Kensy
980,980,Ali,ashaftor6@jiathis.com,Male,Shafto
981,981,Eamon,eespinhor7@barnesandnoble.com,Female,Espinho
982,982,Rand,rkayr8@usatoday.com,Male,Kay
983,983,Parsifal,pvitter9@toplist.cz,Female,Vitte
984,984,Burnard,bparmanra@mapquest.com,Male,Parman
985,985,Bar,budellrb@usa.gov,Male,Udell
986,986,Solly,sgoymerrc@mapy.cz,Female,Goymer
987,987,Olav,ogladyerrd@redcross.org,Male,Gladyer
988,988,Chaunce,cmaclarenre@mlb.com,Female,MacLaren
989,989,Adler,ahayworthrf@usda.gov,Male,Hayworth
990,990,Sayers,srutherfordrg@ow.ly,Male,Rutherford
991,991,Kareem,kfavellerh@ycombinator.com,Male,Favelle
992,992,Samson,svancasteleri@alibaba.com,Female,Van Castele
993,993,Hoyt,hseebornerj@house.gov,Male,Seeborne
994,994,Kain,ktolputtrk@wikipedia.org,Male,Tolputt
995,995,Marc,mmeeusrl@washington.edu,Female,Meeus
996,996,Bradney,bboerderrm@paypal.com,Male,Boerder
997,997,Hercules,hobleinrn@liveinternet.ru,Male,Oblein
998,998,Greggory,gpendleberryro@flavors.me,Female,Pendleberry
999,999,Mathias,mdecrucerp@ed.gov,Male,De Cruce
1000,1000,Alano,abroaderrq@yolasite.com,Female,Broader
1001,1001,Killy,ksiddallrr@cbc.ca,Male,Siddall
